Algoritmo,Costo,Tiempo,Iteraciones
Greedy,1020.0,0.0001239776611328125,5
GRASP,1020.0,0.024857044219970703,50
Vecino Más Cercano,5483.5,4.8160552978515625e-05,1
